,plsnt,attnt,snst,aptit,polarity_intense
👔,0.857,-0.56,0.0,0.721,0.713
🌀,-0.02,0.0,0.0,-0.08,-0.033
🚾,-0.09999999999999999,-0.035,0.0,-0.125,-0.063
👹,-0.82,0.0,0.635,-0.56,-0.672
🚻,-0.04,0.061,0.0,0.145,0.055
👬,0.0,0.1015,-0.053500000000000006,0.0935,0.047
🐽,-0.33149999999999996,0.0555,-0.41,0.0715,-0.205
🚜,-0.99,0.0,0.827,-0.54,-0.786
📅,0.0,0.0,0.063,-0.03,-0.031
💈,0.07,0.4125,-0.405,0.0,0.026
✔️,-0.42,0.20950000000000002,-0.2235,0.0014999999999999979,-0.144
🙎🏼,0.6206666666666667,0.5686666666666667,0.007,-0.02,0.387
🍸,0.061,0.029500000000000002,0.0125,0.037,0.038
🤷,0.921,0.884,0.0,0.0,0.602
🌂,0.106,0.162,0.037,0.32,0.184
🚓,0.786,0.4325,0.0,0.744,0.654
💘,0.154,0.165,-0.095,0.096,0.107
🚔,0.786,0.4325,0.0,0.744,0.654
👚,0.961,0.937,0.0,0.0,0.633
🐧,0.86,0.799,0.0,0.0,0.553
🍥,0.04633333333333333,0.007999999999999998,-0.02666666666666667,0.12466666666666666,0.051
🍵,-0.4,0.036,-0.4,-0.4215,-0.395
👓,0.214,0.258,-0.09,0.2,0.194
⛔,0.0,0.066,0.0,0.154,0.073
💂,0.049,0.139,-0.09,0.123,0.074
🆔,0.743,0.929,0.0,0.0,0.557
😕,0.3595,-0.45499999999999996,0.0,0.3695,0.395
🏊🏻,0.3894,0.3626,-0.0218,-0.026000000000000002,0.235
❗,-0.01,0.1565,-0.095,0.241,0.097
💭,0.45399999999999996,0.22399999999999998,0.0,-0.015,0.221
💬,0.0345,-0.135,0.0,0.05,0.073
🎴,0.027,0.093,0.025,0.071,0.055
⚖,-0.495,0.0625,0.43,-0.2615,-0.375
🛵,0.35850000000000004,-0.48000000000000004,0.0,0.4025,0.414
⬅️,0.883,-0.59,0.0,0.533,0.669
📒,0.97,0.791,0.0,0.0,0.587
😡,0.719,-0.58,0.0,0.739,0.679
🍦,-0.26833333333333337,0.06933333333333334,-0.010333333333333333,-0.15233333333333332,-0.121
❗️,0.0,0.158,-0.12,0.359,0.132
🌐,-0.8,0.0,-0.82,0.0,-0.54
🎡,0.0,-0.09,0.044,0.055,0.034
🤒,0.7635000000000001,0.067,0.0,0.3695,0.4
🎻,0.041,-0.66,0.0,0.356,0.352
😹,0.5765,0.09975,0.00325,0.2,0.291
🚮,-0.18275,0.061,0.17075,-0.12324999999999997,-0.139
👽,-0.03,0.118,0.472,-0.46,-0.281
🌝,0.6433333333333334,-0.427,0.016333333333333335,0.36166666666666664,0.472
🐆,-0.03,0.0,-0.08,0.0,-0.037
💔,-0.3205,0.165,-0.55,0.0715,-0.211
🎅🏻,0.342,0.30966666666666665,-0.019666666666666666,-0.02,0.204
👇🏽,0.05233333333333332,0.21,0.07433333333333333,-0.123,0.022
🍆,0.0,0.067,-0.09,-0.09,-0.038
👃🏽,0.25925,0.254,0.00525,0.06724999999999999,0.192
🐖,-0.72,0.0,-0.82,0.0,-0.513
😮,0.5006666666666666,-0.4766666666666666,-0.013333333333333334,0.289,0.418
➗,-0.26099999999999995,0.13933333333333334,-0.15333333333333335,0.051333333333333335,-0.075
⌚,0.788,0.873,0.0,0.0,0.554
🆎,0.743,0.929,0.0,0.0,0.557
👻,0.0,0.0,-0.79,-0.73,-0.507
🗻,0.799,0.0,0.0,0.747,0.515
😟,-0.11549999999999999,-0.29,-0.39,0.3695,0.051
💣,0.0,-0.03,-0.04,-0.19,-0.067
💁,0.902,0.14700000000000002,0.0,0.2665,0.438
🦀,-0.69,0.0,0.766,-0.82,-0.759
🎩,0.0625,0.053,-0.02,0.1185,0.071
👉🏾,0.3952,0.37039999999999995,0.1732,-0.004599999999999993,0.196
🙊,0.786,0.749,0.0,0.0,0.512
🍚,0.385,-0.005,0.0055,0.048,0.144
🍙,0.846,0.36,0.0,0.0,0.402
👩🏿,0.21325,0.36675,-0.27725,0.05875,0.121
👸🏼,0.6086666666666667,0.27399999999999997,0.007,0.3073333333333333,0.394
😿,0.3735,-0.29,0.0065,0.4,0.352
😲,0.84,-0.72,0.0,0.3695,0.643
🔢,0.0,0.706,0.0,0.84,0.515
🚬,0.057,0.0,-0.08,-0.1,-0.041
💅,0.0,0.039,0.0135,0.14800000000000002,0.058
🏀,0.784,-0.78,0.0,0.0,0.521
🍷,0.0805,-0.035500000000000004,0.028,-0.013000000000000005,0.025
🙈,0.786,0.749,0.0,0.0,0.512
👭,0.0,0.1015,-0.053500000000000006,0.0935,0.047
🍯,0.3775,-0.41500000000000004,0.0,0.3305,0.374
🏰,0.021,0.119,0.0,0.129,0.09
🖨,0.757,0.895,0.0,0.0,0.551
🍨,-0.451,0.069,-0.02,-0.3025,-0.235
🆗,0.743,0.929,0.0,0.0,0.557
😩,0.85,-0.735,0.0,0.685,0.757
🎉,0.717,0.966,0.0,0.0,0.561
🤐,0.719,-0.58,0.0,0.739,0.679
🥡,0.0,-0.02,0.0,0.051,0.024
⚫️,-0.6,0.0,0.895,-0.54,-0.678
🏣,0.3735,0.487,0.0,0.0,0.287
🌹,0.019,0.0,0.0,0.047,0.022
🌯,0.132,0.1,0.063,0.159,0.109
▶️,0.942,-0.58,0.0,0.54,0.687
🔮,0.8360000000000001,0.07500000000000001,0.0,0.316,0.409
🙌,0.858,-0.77,0.0,0.735,0.788
🆚,0.743,0.929,0.0,0.0,0.557
🙆,0.921,0.884,0.0,0.0,0.602
🎒,0.021,0.33099999999999996,0.0,0.3835,0.245
💆,0.8915,0.91,0.0,0.0,0.6
🔰,-0.204,0.13266666666666668,0.26133333333333336,-0.08133333333333333,-0.138
🌜,0.6255,-0.10749999999999996,-0.015,0.221,0.313
🌕,0.6055,-0.3505,0.0245,0.173,0.368
🎑,0.868,-0.47,0.0,0.4425,0.594
😳,0.8,-0.29,0.0,0.8025,0.631
⚓,0.719,0.0,0.0,0.783,0.501
🐫,0.744,0.761,0.0,0.0,0.502
👂,0.785,-0.99,0.0,0.981,0.919
💃,0.608,-0.0675,-0.12,0.4205,0.325
🐼,0.3695,-0.2545,0.0,0.404,0.343
🍣,0.049,-0.01,0.0,0.0,0.02
🏧,0.037,0.073,0.0,0.098,0.069
🎠,0.0,0.0,0.0,0.071,0.024
🌴,0.721,-0.325,0.0,0.2515,0.433
😏,0.719,-0.58,0.0,0.739,0.679
🛅,0.455,-0.31,0.0135,0.319,0.357
💶,0.7905,0.8045,0.0,0.0,0.532
⚽,0.8875,0.8160000000000001,0.0,0.0,0.568
🏫,0.0,0.712,0.0,0.767,0.493
😃,0.378,-0.245,0.0245,0.481,0.36
⛺,0.783,0.0,0.0,0.0,0.261
🚥,-0.28733333333333333,0.035666666666666666,0.303,-0.28300000000000003,-0.279
💵,0.405,0.47750000000000004,0.0095,0.029,0.301
🍺,0.578,-0.366,-0.045,0.1,0.333
💀,0.0,0.075,0.0,0.046,0.04
🌅,0.0,0.071,0.0,0.0,0.024
🐜,0.0,-0.07,0.116,-0.12,-0.055
♣️,0.202,-0.04,0.0,0.0,0.081
🔔,0.034,0.0,0.01,0.087,0.037
🙆🏿,0.2855,0.4265,-0.21725,-0.015,0.16
💉,-0.02,0.0,-0.12,-0.19,-0.11
🍕,0.132,0.1,0.063,0.159,0.109
🍌,0.0,0.066,-0.05,0.089,0.035
🥔,0.529,-0.68,0.0,0.983,0.731
🐸,0.3595,-0.29,0.0365,0.3695,0.327
👃🏻,0.27075,0.26,-0.01475,0.020749999999999998,0.179
🍮,0.862,-0.78,0.0,0.0,0.547
💞,0.74,0.867,0.0,0.0,0.536
👵🏽,0.1744,0.30999999999999994,-0.20380000000000004,0.0842,0.122
🚦,-0.04966666666666666,0.332,0.303,-0.31,-0.11
🚣,0.41550000000000004,0.538,-0.04,0.053,0.322
💕,0.0,0.0,0.063,-0.03,-0.031
🐾,-0.03,0.121,0.0,0.096,0.062
👎,-0.74,0.241,-0.42,0.0,-0.306
🐀,-0.13,0.0,0.013,-0.08,-0.074
😻,0.3735,-0.29,0.0065,0.4,0.352
🛣,0.559,-0.98,0.0,0.501,0.68
🎈,0.069,-0.27,0.0,-0.03,0.103
🐅,0.0,-0.97,0.0,0.0,0.323
🦃,0.0,0.0,-0.98,-0.86,-0.613
🐌,-0.05,-0.04,0.037,-0.08,-0.042
🏋,0.921,0.884,0.0,0.0,0.602
🌎,-0.8,0.0,-0.82,0.0,-0.54
😂,0.7593333333333333,0.133,0.0,0.24633333333333332,0.38
🌡,0.808,0.714,0.0,0.0,0.507
🔏,0.0,0.096,0.0,0.075,0.057
😙,0.719,-0.58,0.0,0.739,0.679
👅,0.039,0.0,0.0,0.058,0.032
🕸,0.0305,0.034,0.0485,0.0355,0.017
👨‍👩‍👦‍👦,0.35639999999999994,-0.0652,-0.082,0.3198,0.22
🌒,0.503,-0.47,0.0,0.047,0.34
🍹,-0.39899999999999997,-0.01,-0.42000000000000004,-0.04,-0.283
😛,0.379,-0.29,0.0,0.3985,0.356
🏍,-0.06,0.122,-0.04,0.113,0.045
💒,0.768,0.97,0.0,0.773,0.837
👯,0.046,0.057,-0.025,0.028999999999999998,0.036
😒,0.719,-0.58,0.0,0.739,0.679
🔌,0.8015,0.7855,0.0,0.0,0.529
🌑,0.48150000000000004,-0.38449999999999995,-0.05,0.106,0.307
🚤,0.024,0.152,-0.06,0.236,0.117
🏓,-0.89,0.0,0.897,-0.67,-0.819
🍔,0.062,0.0,0.027,0.055,0.03
🙋🏿,0.4805,0.057666666666666665,-0.14483333333333334,0.20133333333333334,0.198
😀,0.719,-0.58,0.0,0.739,0.679
🚏,-0.525,0.061,0.4265,-0.2935,-0.395
🍋,-0.62,0.0,0.512,-0.8,-0.644
☘,0.0,0.0,0.032,-0.05,-0.027
🍀,0.37,-0.37649999999999995,0.0,0.025,0.257
✌️,0.82,0.792,0.0,0.757,0.79
🍠,0.3205,-0.34,0.0,0.5619999999999999,0.408
🌗,0.5943333333333333,0.050000000000000044,-0.02,0.04833333333333333,0.224
🏬,0.35350000000000004,0.335,0.0,0.454,0.381
🚉,0.034,0.082,0.0,0.0,0.039
🎅🏽,0.32666666666666666,0.30166666666666664,0.007,0.042,0.221
🍗,-0.4315,0.042,-0.435,0.0,-0.275
🖖🏽,0.427,0.42325,0.00525,0.0315,0.292
⛽,-0.35,0.0,-0.445,0.441,-0.118
💴,-0.08999999999999997,0.3815,-0.375,0.0,-0.028
👐🏾,0.3003333333333333,0.314,-0.006333333333333333,0.02266666666666667,0.21
🐭,0.08449999999999996,-0.29,0.4775,-0.11049999999999999,-0.071
🈲,0.743,0.929,0.0,0.0,0.557
⛄,0.020999999999999963,0.4895,-0.4,-0.48,-0.123
🌄,-0.015,0.08449999999999999,-0.03,0.0385,0.026
🎰,0.0345,0.10900000000000001,-0.03,0.054,0.056
🖖🏼,0.5563333333333333,0.5366666666666666,0.007,-0.02,0.355
🐤,0.021,0.044,0.0,0.4695,0.178
🈵,-0.0685,0.4645,-0.46,0.0,-0.021
🚌,-0.06,0.122,-0.04,0.113,0.045
🎪,0.8685,0.0,0.0,0.0,0.29
👳,0.040333333333333346,0.33,0.289,-0.136,-0.018
🍴,0.118,0.4895,0.443,-0.36,-0.065
👰,0.127,-0.045,-0.060500000000000005,0.0785,0.063
🏇🏽,0.245,0.22624999999999998,0.00525,0.04925,0.172
💿,0.0,0.0,0.706,-0.98,-0.562
🙂,0.3595,-0.29,-0.385,-0.1255,0.046
🎓,0.0895,0.574,-0.025,0.58,0.406
🆖,0.743,0.929,0.0,0.0,0.557
🚵,0.601,0.5435,-0.035,0.092,0.4
🐣,0.042,0.088,0.0,0.0,0.043
🙅🏻,0.48675,0.45325,-0.01475,-0.015,0.303
🤰,0.813,0.7645,-0.12,0.1475,0.535
🏒,-0.11500000000000005,-0.395,0.0,0.026500000000000024,0.102
💠,0.0325,0.0,0.0145,0.059,0.026
🎾,0.0,0.249,-0.14,0.299,0.136
🎳,0.101,0.074,0.03,0.0,0.048
🛤,0.012,0.1245,-0.035,0.0955,0.066
👺,0.0,-0.03,-0.05,-0.12,-0.047
🤦,0.921,0.884,0.0,0.0,0.602
🚂,0.069,0.097,0.0,0.172,0.113
💷,0.08000000000000002,0.3815,0.335,-0.355,-0.076
🍏,-0.01,0.0815,0.021,0.106,0.052
🔜,0.059,0.0,0.0,0.049,0.036
✡,0.938,0.024499999999999966,0.0,0.2915,0.418
👲,0.0895,0.082,-0.025,0.0465,0.064
🚘,-0.04,-0.16,0.0,0.056,0.059
📍,0.4115,0.491,-0.44,-0.44,0.007
🌠,0.977,-0.93,0.0,0.583,0.83
🏩,0.46499999999999997,0.0,0.0045,0.27,0.243
💳,0.4765,-0.361,-0.05,0.0715,0.286
😊,0.719,-0.58,0.0,0.739,0.679
🍟,0.244,-0.385,0.0,0.276,0.302
☔,-0.427,0.081,0.149,-0.31499999999999995,-0.27
👟,-0.025,0.034,0.0,0.15,0.053
🌛,0.6377499999999999,-0.09924999999999998,0.0,0.23425,0.324
🏷,0.0,0.115,0.036,0.207,0.095
💮,-0.2615,0.0465,0.29300000000000004,-0.2195,-0.243
👋,0.883,-0.59,0.0,0.533,0.669
👃,0.057,0.111,0.0,0.143,0.104
🎱,0.4955,0.36,0.0,0.482,0.446
🍓,0.701,0.987,0.0,0.0,0.563
🗨,0.11099999999999999,-0.19666666666666666,0.2896666666666667,-0.05566666666666664,-0.013
🚕,0.0,0.935,0.0,0.0,0.312
🌇,0.062,0.072,0.0,0.0,0.045
👎🏾,0.06699999999999999,0.35433333333333333,-0.13299999999999998,-0.02,0.089
🎫,0.895,0.0,0.0,0.0,0.298
💧,0.095,0.0,-0.04,0.062,0.039
😎,0.3595,-0.29,0.4595,-0.020500000000000018,0.056
👫,0.21066666666666667,0.2826666666666667,-0.1366666666666667,0.14733333333333332,0.168
😋,0.3795,-0.29,0.0,0.403,0.358
🖖,0.728,0.788,0.0,0.0,0.505
🚺,0.0,-0.07,0.0,0.0,0.023
😖,0.719,-0.58,0.0,0.739,0.679
🌁,-0.09,0.0,0.0,0.0,-0.03
🐕,0.75,-0.88,0.0,0.989,0.873
🐟,-0.04,0.184,-0.08,0.172,0.079
🙎🏻,0.48675,0.45325,-0.01475,-0.015,0.303
🐝,0.0,0.076,0.024,0.137,0.063
✋,0.883,-0.59,0.0,0.533,0.669
🏇,0.0,0.0,0.0,0.071,0.024
🙅,0.921,0.884,0.0,0.0,0.602
🈁,0.743,0.929,0.0,0.0,0.557
👏,0.857,-0.77,0.0,0.878,0.835
🌉,-0.35,0.0345,-0.37,0.0,-0.228
👿,0.3595,-0.29,0.4345,0.3695,0.195
🎐,0.498,0.043,0.0095,0.091,0.208
🎍,-0.4105,-0.005,-0.43,0.0545,-0.26
👍🏿,0.27449999999999997,0.431,-0.21725,-0.015,0.158
🚣🏿,0.2104,0.37960000000000005,-0.1898,0.0092,0.136
🚡,0.35350000000000004,-0.3115,0.0,0.3015,0.322
🎯,-0.44999999999999996,0.083,0.346,0.076,-0.212
🔼,0.3315,0.528,-0.03,0.0745,0.301
👦🏿,0.19899999999999998,0.05049999999999999,-0.21725,0.134,0.055
😪,-0.10550000000000004,-0.29,0.0,-0.07550000000000001,0.036
▪️,-0.325,0.0,0.3875,-0.35000000000000003,-0.354
🙋,0.8873333333333333,-0.15866666666666665,0.0,0.4226666666666667,0.49
😴,0.3595,-0.29,-0.45,0.3695,0.19
😔,-0.01050000000000001,-0.29,-0.435,0.3695,0.071
⛷,0.0,-0.03,-0.1,-0.07,-0.047
😱,0.20024999999999998,-0.09724999999999999,0.01899999999999999,0.05675000000000001,0.112
📨,-0.221,-0.02,0.4875,-0.43,-0.373
🆙,0.743,0.929,0.0,0.0,0.557
🚟,-0.0030000000000000027,0.0675,-0.065,0.0525,0.017
😰,0.3093333333333333,0.04900000000000001,-0.25666666666666665,0.24633333333333332,0.116
💐,0.081,-0.03,0.0,0.0,0.037
🚰,0.3075,-0.44999999999999996,0.0,0.1515,0.303
🌚,0.5606666666666666,-0.4496666666666666,-0.03333333333333333,0.317,0.431
🍬,0.066,-0.07,0.0,0.0,0.045
🔉,0.03266666666666667,0.05933333333333333,0.02,0.142,0.071
💱,-0.025,0.268,-0.030500000000000003,0.175,0.129
🏐,0.0,-0.04,0.111,-0.05,-0.04
🍩,0.027,-0.08,0.0,0.0,0.036
❤️,-0.07,0.101,0.0,0.105,0.045
👰🏽,0.2468,0.16299999999999998,-0.02,0.0566,0.149
🏄🏼,0.6206666666666667,0.5686666666666667,0.007,-0.02,0.387
💜,0.42,-0.11000000000000001,-0.095,0.3285,0.254
🛁,0.0,-0.02,0.041,-0.1,-0.04
🎂,0.446,-0.08,0.0,0.439,0.322
🎷,-0.83,0.0,0.923,0.0,-0.584
🐄,0.045,0.078,0.012,0.0,0.037
⏸,0.3715,0.5235000000000001,-0.045,0.0555,0.302
🙀,0.576,-0.49,0.004333333333333333,0.47700000000000004,0.513
☕️,0.0,0.0,-0.93,-0.77,-0.567
🌈,0.03,0.085,0.0,0.0,0.038
🚪,0.0,0.0,0.0,0.077,0.026
👩,0.632,0.645,-0.24,0.295,0.444
🤢,0.719,-0.58,0.0,0.739,0.679
📤,0.904,-0.74,0.0,0.0,0.548
🎨,0.041,0.112,0.0,0.077,0.077
⚰,0.0,0.0,-0.87,-0.75,-0.54
⚪️,-0.55,0.0,0.561,-0.51,-0.54
🚴,0.921,0.884,0.0,0.0,0.602
🎽,-0.02,0.05,0.0,0.175,0.068
😵,0.3595,-0.29,-0.365,-0.025500000000000023,0.086
😥,-0.038333333333333365,-0.15333333333333332,-0.03333333333333333,0.2976666666666667,0.126
👁,0.753,-0.64,0.0,0.556,0.65
🐺,0.3445,-0.29,-0.04,0.3695,0.321
🚞,0.17250000000000001,0.169,-0.07,0.1445,0.139
🚙,0.0019999999999999996,0.11199999999999999,-0.013333333333333334,0.009333333333333332,0.037
🍞,0.901,0.0,0.0,0.916,0.606
🎸,0.049,0.167,-0.05,0.295,0.154
🔣,0.0,0.706,0.0,0.84,0.515
🍭,0.023,0.141,-0.13,0.174,0.069
🌌,0.005999999999999998,0.068,0.0,0.0995,0.058
💏,0.973,0.804,0.0,0.0,0.592
🌸,0.01,0.010000000000000002,0.0,0.0355,0.018
👖,0.0,-0.05,0.088,-0.07,-0.036
👊🏽,0.22999999999999998,0.24325,-0.01475,0.013999999999999999,0.158
👆,0.317,0.33866666666666667,0.2816666666666667,-0.288,0.029
🛋,0.0395,-0.03,0.0,0.0,0.023
🌾,0.5333333333333333,0.3263333333333333,-0.2733333333333333,-0.2966666666666667,0.097
🏆,0.041,0.116,-0.05,0.089,0.065
🌞,0.3825,-0.29,0.0,0.412,0.362
🌋,0.0,-0.03,-0.1,-0.07,-0.047
😁,0.677,0.029500000000000026,-0.12,0.515,0.367
🏄,0.921,0.884,0.0,0.0,0.602
👴🏼,0.05024999999999999,0.2055,-0.19475,-0.0325,0.009
👩🏾,0.5243333333333333,0.48900000000000005,-0.073,0.07833333333333332,0.34
🙅🏼,0.6206666666666667,0.5686666666666667,0.007,-0.02,0.387
🏮,0.01433333333333333,0.017,0.03766666666666667,0.014666666666666666,0.003
😄,0.719,-0.58,0.0,0.739,0.679
🎣,0.4595,0.4125,0.0,0.0245,0.299
🍛,0.3505,0.0415,0.0,0.0,0.131
📎,0.0,0.0,0.0,0.082,0.027
⛄️,-0.8,0.0,-0.8,-0.96,-0.853
🚛,0.028,0.0,0.013,0.061,0.025
🚅,0.3905,-0.36,-0.395,-0.1915,0.055
🖕,0.42000000000000004,0.5559999999999999,0.0,0.0995,0.358
🐪,0.744,0.761,0.0,0.0,0.502
🚁,0.627,0.61,-0.24,0.234,0.41
📛,0.844,-0.57,0.0,0.576,0.663
😅,0.834,0.07350000000000001,0.0,0.3695,0.426
🅱️,0.743,0.929,0.0,0.0,0.557
🈚,0.637,0.7697499999999999,-0.05,0.267,0.541
👴,-0.37,0.0,-0.4,-0.035,-0.268
🏠,0.868,0.772,0.0,0.0,0.547
🗝,0.10149999999999998,-0.39,-0.4,0.2855,0.126
💽,0.0,0.0,0.353,-0.45499999999999996,-0.269
🎹,0.4575,0.4895,0.0,0.0545,0.334
😈,0.719,-0.58,0.0,0.739,0.679
📰,-0.05,0.106,0.0,0.06,0.039
🍻,0.942,-0.99,0.0,0.0,0.644
😉,0.719,-0.58,0.0,0.739,0.679
💍,0.052,0.0,0.0,0.118,0.057
🚶,0.921,0.884,0.0,0.0,0.602
🙇🏽,0.516,0.1698,0.004200000000000001,0.15739999999999998,0.28
🐞,0.0,0.387,0.04,0.34450000000000003,0.23
🍲,0.3166666666666667,0.30633333333333335,0.0,0.022333333333333334,0.215
🍉,-0.98,0.0,-0.81,0.0,-0.597
🐲,-0.015500000000000014,-0.29,0.354,0.3695,0.097
👤,-0.24399999999999997,0.0955,0.426,-0.271,-0.282
😞,-0.0605,-0.29,0.449,0.3695,0.05
🎶,0.022,-0.025,0.0395,-0.0005000000000000004,0.002
👄,0.823,-0.97,0.0,0.0,0.598
🌆,0.379,0.414,-0.02,0.0,0.258
🚀,-0.02,-0.02,0.0,-0.12,-0.04
👱🏿,0.2284,0.3412,0.015399999999999988,-0.158,0.132
🍼,-0.435,-0.395,0.3645,-0.015500000000000014,-0.14
🏞,0.0335,0.061,-0.04,0.122,0.059
〽️,0.95,0.796,0.0,0.0,0.582
🐍,-0.68,0.0,0.611,-0.59,-0.627
📦,0.808,-0.89,0.0,0.0,0.566
♿️,-0.04,0.0,-0.08,-0.07,-0.063
🌃,-0.7,0.0,-0.74,0.0,-0.48
🎬,0.819,0.791,0.0,0.0,0.537
😷,0.5856666666666667,0.11766666666666668,0.014333333333333332,0.268,0.319
👒,0.08,0.106,-0.04,0.112,0.086
📲,0.068,0.021,0.009,0.11299999999999999,0.064
🔥,0.038,0.0,-0.07,-0.06,-0.031
🐡,-0.54,0.0,0.829,-0.72,-0.696
🎢,-0.015,0.0185,0.0545,0.010499999999999995,-0.014
🐨,0.81,0.958,0.0,0.0,0.589
📆,0.0,0.0,0.063,-0.03,-0.031
⭕,-0.26266666666666666,0.418,-0.137,0.057333333333333326,0.025
🚖,0.0,0.935,0.0,0.0,0.312
🏉,0.393,0.38999999999999996,0.0025,0.0,0.26
😓,0.296,0.1376666666666667,-0.15,0.22966666666666666,0.171
🏜,-0.84,0.0,0.777,-0.9,-0.839
🌿,0.062,0.115,0.0,0.0,0.059
🏨,-0.07,0.0,0.009,-0.12,-0.066
🎏,0.176,-0.12,-0.12,0.182,0.119
🌖,0.916,-0.94,0.0,0.0,0.619
🚽,0.036,-0.06,0.0,0.0,0.032
👐,-0.04,0.12,-0.04,0.128,0.056
🐇,0.0,0.0,-0.07,0.0,-0.023
🎲,-0.65,-0.015,0.20850000000000002,-0.5449999999999999,-0.463
🐢,-0.2,-0.1,0.07,-0.24,-0.137
😸,0.3735,-0.29,0.0065,0.4,0.352
🗃,0.31766666666666665,-0.271,0.0,0.03966666666666666,0.209
🕵,0.0,0.114,0.0,0.083,0.066
🍱,0.0,-0.02,0.0,0.051,0.024
🐉,-0.75,0.0,0.708,0.0,-0.486
😺,0.3735,-0.29,0.0065,0.4,0.352
😫,0.737,-0.77,0.0,0.3695,0.626
🌭,0.375,-0.44,-0.465,0.10949999999999999,0.153
🍧,-0.93,0.0,0.0,-0.82,-0.583
🍝,0.763,0.9,0.0,0.0,0.554
🙍,0.921,0.884,0.0,0.0,0.602
🙉,0.786,0.749,0.0,0.0,0.512
🕷,0.0,-0.06,0.097,-0.08,-0.039
🖼,0.034,0.075,0.0,0.143,0.084
😨,0.3595,-0.29,-0.425,0.3695,0.198
💻,0.3575,0.421,0.0,0.035,0.271
🔈,-0.237,0.11433333333333334,-0.13,0.08,-0.058
💸,0.0,0.871,0.0,0.861,0.577
🏊,0.4605,0.442,-0.025,-0.035,0.281
🍶,0.0,0.822,0.0,0.847,0.556
🚢,-0.09,0.192,-0.08,0.106,0.043
🏁,0.053,0.068,-0.05,0.06,0.044
🚶🏿,0.2855,0.4265,-0.21725,-0.015,0.16
🙇,0.8,-0.02799999999999997,0.0,0.3305,0.386
🐏,-0.92,0.0,-0.73,-0.99,-0.88
👊🏼,0.2936666666666667,0.29666666666666663,-0.019666666666666666,-0.043333333333333335,0.176
😤,0.282,-0.16633333333333333,0.007666666666666666,0.294,0.245
🐷,-0.0005000000000000004,-0.29,-0.41,0.3695,0.083
💰,0.0,0.4255,0.0,0.456,0.294
👆🏿,0.19533333333333333,0.30633333333333335,-0.004000000000000006,-0.154,0.115
↪️,0.471,-0.295,0.0,0.29100000000000004,0.352
👕,0.041,0.119,0.017,0.0,0.048
🔎,0.4805,0.49250000000000005,0.0125,0.4875,0.483
🏏,-0.121,0.415,0.3385,-0.475,-0.173
🤵,0.041,0.0955,0.0,0.064,0.067
💃🏽,0.4391999999999999,0.15399999999999997,-0.0438,0.19339999999999996,0.248
👉🏼,0.3952,0.37039999999999995,0.1732,-0.004599999999999993,0.196
💙,-0.1005,0.20550000000000002,-0.22,0.0715,-0.014
😗,0.719,-0.58,0.0,0.739,0.679
🚍,-0.06,0.122,-0.04,0.113,0.045
🛐,0.405,0.5573333333333333,-0.062,0.17366666666666666,0.358
👌,0.883,-0.59,0.0,0.533,0.669
🚩,0.053,0.014000000000000002,-0.0105,0.0645,0.04
🥄,0.03,-0.05,0.0,0.059,0.046
🎋,0.856,0.0,0.0,0.0,0.285
✊,-0.06,0.068,-0.08,-0.07,-0.047
⚡,0.3645,0.46950000000000003,-0.02,0.0825,0.299
📿,0.023,0.295,-0.05,0.283,0.184
🌲,0.808,-0.365,0.0,0.0,0.391
🚒,0.5115,0.3935,-0.035,-0.03,0.28
😌,0.39749999999999996,-0.22999999999999998,-0.05,0.4465,0.341
🤗,0.719,-0.58,0.0,0.739,0.679
🎄,0.856,0.0,0.0,0.0,0.285
📩,0.058499999999999996,-0.02,0.0,0.0245,0.034
🍖,0.5195000000000001,0.4835,-0.045,0.0,0.319
🏳,-0.24850000000000003,0.034,0.2555,-0.225,-0.232
🦇,0.723,0.717,0.0,0.0,0.48
💫,0.0,0.0,-0.73,-0.79,-0.507
🔡,0.0,0.706,0.0,0.84,0.515
🍍,0.0,0.064,-0.06,0.085,0.03
👃🏼,0.33266666666666667,0.311,0.007,0.027666666666666662,0.221
🥙,0.145,0.062000000000000006,0.021,0.172,0.119
🚈,0.0905,0.0485,-0.04,0.0,0.033
🔋,0.045,0.0,0.0,0.051,0.032
😬,0.719,-0.58,0.0,0.739,0.679
♨️,0.0,0.0,-0.93,-0.77,-0.567
🌥,-0.4355,0.02125,-0.055749999999999994,-0.13324999999999998,-0.201
🐎,0.0,0.0,0.0,0.071,0.024
🕺,0.292,-0.39,0.0,0.23800000000000002,0.307
👨‍👨‍👧,0.00825,0.04975,-0.0425,0.010499999999999995,0.009
🔪,0.493,0.4595,0.0,0.0,0.318
✊🏽,0.22999999999999998,0.24325,-0.01475,0.013999999999999999,0.158
🚣🏾,0.443,0.47450000000000003,-0.01475,0.0115,0.305
🙍🏿,0.2855,0.4265,-0.21725,-0.015,0.16
🌼,0.0,0.07,0.0,0.071,0.047
🔙,0.059,0.0,0.0,0.049,0.036
✋🏿,0.276,0.057999999999999996,-0.21725,0.11825000000000001,0.078
🎮,-0.485,0.1655,0.22850000000000004,-0.283,-0.277
⚪,-0.275,0.4715,0.2805,-0.255,-0.113
🖤,-0.1755,0.165,0.35250000000000004,-0.1985,-0.187
🎼,0.47400000000000003,0.453,0.0,0.0545,0.327
❎,0.25333333333333335,0.4226666666666667,-0.023333333333333334,0.11133333333333333,0.255
😭,-0.11549999999999999,-0.29,-0.365,0.004500000000000004,-0.062
📳,0.42850000000000005,0.538,0.0,0.1045,0.357
👇🏾,0.05499999999999998,0.2354,0.0892,-0.1848,0.005
🎵,0.0345,0.0,0.0,0.1205,0.052
😘,0.8250000000000001,-0.1253333333333333,0.0,0.417,0.456
🙏🏼,0.4705,0.411,0.0105,-0.03,0.28
😜,0.379,-0.29,0.0,0.3985,0.356
🐻,0.7769999999999999,-0.76,0.0,0.638,0.725
🌘,0.503,-0.47,0.0,0.047,0.34
🐮,0.382,-0.251,0.006,0.3695,0.332
🏥,-0.02,0.0,-0.15,-0.14,-0.103
🐩,-0.72,0.0,0.619,-0.86,-0.733
🚱,-0.18,-0.07,0.0,-0.2,-0.103
🌟,0.881,0.012499999999999956,0.0,0.2915,0.395
💇,0.41550000000000004,0.442,0.0,0.0,0.286
🎁,0.974,0.788,0.0,0.964,0.909
🍎,-0.035,0.093,0.0,0.1255,0.061
👳🏾,0.2124,0.36239999999999994,0.1776,-0.0936,0.101
🚨,0.5523333333333333,0.324,-0.02666666666666667,0.496,0.449
🌰,-0.74,0.0,0.585,-0.61,-0.645
📹,0.0,0.1555,-0.086,0.167,0.079
🕎,0.856,0.0,0.0,0.0,0.285
🌍,-0.8,0.0,-0.82,0.0,-0.54
📱,0.07250000000000001,0.0315,0.0135,0.145,0.078
🙇🏻,0.5252,0.1746,-0.0118,0.1202,0.269
🐛,-0.02,-0.05,0.082,-0.07,-0.041
✅,-0.35250000000000004,0.14350000000000002,0.011000000000000006,-0.096,-0.105
🔫,0.0,0.0,0.79,-0.85,-0.547
🕍,0.0,0.209,0.026,0.184,0.122
🐒,0.786,0.749,0.0,0.0,0.512
👨‍👩‍👧‍👦,0.248,0.04480000000000002,-0.082,0.20059999999999997,0.137
😼,0.5813333333333334,-0.19333333333333333,0.004333333333333333,0.26666666666666666,0.346
⚙,-0.03,-0.06,0.052,0.087,0.022
👶🏽,0.245,0.22624999999999998,0.00525,0.26625,0.244
🌔,0.916,-0.94,0.0,0.0,0.619
👨🏼,0.31366666666666665,0.27399999999999997,0.007,-0.043333333333333335,0.179
🚣🏽,0.36219999999999997,0.3962,-0.0118,0.0464,0.264
🕯,0.0,0.232,-0.1,0.156,0.096
😍,0.719,-0.58,0.0,0.739,0.679
👾,-0.015,0.059,0.639,-0.635,-0.41
🚃,0.393,0.5,-0.035,0.4265,0.428
🎛,0.0,0.203,-0.13,0.18,0.084
🌦,-0.6835,0.0,-0.0027500000000000024,-0.42625,-0.371
🏪,0.36650000000000005,0.3,0.0,0.465,0.377
📝,0.0,0.0,0.0,0.091,0.03
🚹,0.0,-0.07,0.0,0.0,0.023
⛸,-0.905,0.0,0.389,-0.8049999999999999,-0.7
💩,0.283,0.3446666666666667,0.0,-0.008666666666666668,0.206
🦅,0.0,0.105,0.0,0.0,0.035
🤠,0.5983333333333333,-0.39466666666666667,-0.013333333333333334,0.2836666666666667,0.421
🗂,0.5135,-0.378,0.0,0.063,0.318
👈🏾,0.3796,0.0692,0.1732,-0.07819999999999999,0.066
👦🏽,0.38875,0.07124999999999998,0.00525,0.1805,0.212
👞,-0.05,0.068,0.0,0.102,0.04
🌷,0.0,0.067,0.0,0.05,0.039
🕴,0.02074999999999999,0.22649999999999998,-0.1875,0.032,0.031
👨‍❤️‍💋‍👨,0.3243333333333333,0.268,0.0,-0.04666666666666667,0.182
🎊,0.5475,0.305,0.0,-0.02,0.278
🔩,-0.59,0.0,0.945,-0.85,-0.795
🏎,0.722,0.865,0.0,0.748,0.778
🙌🏽,0.4595,0.033749999999999974,0.00525,0.21525,0.234
🚶🏾,0.6206666666666667,0.5686666666666667,0.007,-0.02,0.387
🛄,0.0135,0.11,-0.0965,0.193,0.073
🚧,0.0,0.11,0.009,0.165,0.089
💟,0.154,0.16,-0.095,0.126,0.115
👈🏻,0.3305,0.0755,0.131,-0.06516666666666666,0.07
💥,-0.9,0.0,0.0,-0.82,-0.573
🖌,0.741,0.88,0.0,0.0,0.54
👍🏾,0.606,0.5746666666666667,0.007,-0.02,0.385
💅🏻,0.2052,0.20139999999999997,-0.0064,0.047200000000000006,0.149
💗,-0.17049999999999998,0.165,0.39649999999999996,-0.2635,-0.222
💡,0.10750000000000001,0.10200000000000001,-0.07500000000000001,0.099,0.078
🏟,0.079,-0.1,0.046,0.0,0.044
🌫,-0.09,0.0,-0.05,-0.24,-0.127
🌬,0.8574999999999999,-0.29,0.0,0.3695,0.506
♦️,0.021,0.0,0.0,0.054,0.025
⏰,0.0,0.0,0.08999999999999997,-0.855,-0.315
💪,0.724,0.0,0.0,0.887,0.537
🔑,0.943,-0.78,0.0,0.571,0.765
💊,-0.05,-0.01,-0.08,-0.19,-0.103
☝️,0.074,0.114,0.0,0.126,0.105
👩‍❤️‍👩,0.40900000000000003,0.42300000000000004,-0.185,0.22125,0.289
🖐,0.8029999999999999,-0.295,0.0,0.7095,0.602
🐗,0.746,0.769,0.0,0.0,0.505
🏃,0.4605,0.442,0.0,0.099,0.334
👛,0.0,0.083,0.0,0.0,0.028
🚿,-0.09,0.0,0.0,0.0,-0.03
🐔,0.026,0.069,0.0,0.0,0.032
🔍,0.4415,-0.26049999999999995,0.0125,0.3035,0.331
🐰,0.3595,-0.29,-0.035,0.3695,0.328
👨🏿,0.055249999999999994,0.2055,-0.21725,-0.0325,0.004
🌊,-0.0745,0.044,-0.08,-0.0030000000000000027,-0.038
🔄,0.3715,0.9359999999999999,0.0,0.0,0.436
🎺,0.908,0.913,0.0,0.0,0.607
🛌,0.33433333333333337,0.41533333333333333,-0.016666666666666666,0.09999999999999999,0.278
👼🏼,0.48275,0.2055,0.00525,0.46524999999999994,0.383
🏄🏿,0.2855,0.4265,-0.21725,-0.015,0.16
🤝,0.083,0.129,-0.09,0.155,0.092
☕,0.4755,-0.485,-0.465,-0.0655,0.143
🙏🏾,0.4705,0.411,0.0105,-0.03,0.28
🙌🏿,0.26975,0.012999999999999984,-0.21725,0.16875,0.078
🔳,0.34833333333333333,0.624,0.18700000000000003,-0.17,0.205
🐱,0.3735,-0.29,0.0065,0.4,0.352
💢,0.0215,0.0795,0.33,0.125,-0.035
💆🏼,0.6809999999999999,0.6605,0.00525,-0.015,0.44
⬆️,0.877,0.902,0.0,0.0,0.593
🎦,0.0,0.08,0.0,0.0,0.027
🎀,0.0,0.998,0.0,0.85,0.616
🤺,0.921,0.884,0.0,0.0,0.602
🌺,0.951,-0.84,0.0,0.0,0.597
🍊,0.028,-0.01,0.063,-0.05,-0.025
💅🏼,0.23525,0.22499999999999998,0.012,0.05900000000000001,0.169
🐙,-0.52,0.0,0.728,-0.92,-0.723
🍂,0.74,-0.82,0.0,0.0,0.52
😶,0.2473333333333333,-0.5166666666666666,-0.26666666666666666,-0.07366666666666666,0.141
😐,-0.09050000000000002,-0.29,0.4295,-0.10549999999999998,-0.112
🍐,0.0,-0.01,0.037,-0.04,-0.022
🏅,0.4,0.411,0.0,0.3285,0.38
📃,0.48750000000000004,0.3745,0.005,0.08,0.312
❌,0.008499999999999999,0.16949999999999998,-0.035,0.16699999999999998,0.103
🤣,0.619,0.024333333333333318,0.0,0.3046666666666667,0.316
➖,-0.2743333333333333,0.15666666666666668,-0.15333333333333335,0.08066666666666668,-0.063
🙎🏿,0.2855,0.4265,-0.21725,-0.015,0.16
👱🏾,0.4655,0.4265,0.24175,-0.1975,0.151
👢,0.306,0.228,0.0,0.087,0.207
🏵,-0.69,0.0,0.776,-0.78,-0.749
🗽,0.899,0.979,0.0,0.0,0.626
🍄,0.962,0.0,0.0,0.0,0.321
👇,-0.222,0.11833333333333333,0.14166666666666666,-0.288,-0.178
🔬,0.0,0.07,0.0,0.063,0.044
🍿,0.0,-0.04,-0.05,-0.1,-0.037
🙎,0.921,0.884,0.0,0.0,0.602
🐥,0.021,0.044,0.0,0.4695,0.178
🤡,0.8365,-0.29,0.0,0.3695,0.499
⛰,0.281,0.203,-0.07,0.184,0.199
🖱,-0.275,0.0,0.4775,-0.44499999999999995,-0.399
🌓,0.6106666666666666,0.06100000000000002,0.0,0.066,0.246
🐑,0.0,-0.03,0.057,-0.08,-0.036
🎥,0.4185,-0.01,0.024,-0.025,0.126
🏦,0.031,0.176,0.0,0.0,0.069
🌙,0.503,-0.47,0.0,0.047,0.34
🀄,-0.41000000000000003,0.0505,0.354,0.0525,-0.22
🍑,0.02,-0.05,0.0,0.0,0.023
🔨,-0.03,-0.02,-0.05,-0.15,-0.07
🌏,-0.8,0.0,-0.82,0.0,-0.54
👎🏼,0.06699999999999999,0.35433333333333333,-0.13299999999999998,-0.02,0.089
💪🏿,0.23625,0.2055,-0.21725,0.20675,0.144
🛍,-0.05,0.0,0.021,0.0,-0.024
⛪,0.0,0.213,0.034,0.202,0.127
💁🏾,0.68625,0.279,0.00525,0.11825000000000001,0.359
🍘,-0.1245,0.0,0.381,-0.32,-0.275
⏲,0.0,0.0,0.95,-0.86,-0.603
👈🏼,0.3796,0.0692,0.1732,-0.07819999999999999,0.066
👸,0.885,0.0,0.0,0.982,0.622
💂🏼,0.33,0.3203333333333333,-0.022999999999999996,0.021,0.216
📼,0.0,0.0,0.0,-0.17,-0.057
👰🏼,0.29874999999999996,0.183,-0.025,0.02425,0.16
👪,0.0,0.269,-0.17,0.182,0.094
🤘,0.6306666666666666,0.3506666666666667,0.0,0.3373333333333333,0.44
🍁,0.386,-0.3725,0.0,0.0,0.253
👙,0.842,-0.7,0.0,0.0,0.514
⛲,0.0,0.949,0.0,0.869,0.606
🚸,0.2685,-0.322,0.0,0.3635,0.318
🙆🏻,0.48675,0.45325,-0.01475,-0.015,0.303
📇,0.5135,-0.378,0.0,0.063,0.318
🗜,0.0,0.0,0.942,-0.94,-0.627
✊🏾,0.2936666666666667,0.29666666666666663,-0.019666666666666666,-0.043333333333333335,0.176
💚,0.1145,0.20400000000000001,-0.074,0.1045,0.116
🌳,0.856,0.0,0.0,0.0,0.285
📻,0.064,-0.06,0.054,0.0,0.023
🐵,0.7525,0.08450000000000002,0.0,0.3695,0.402
👉🏽,0.33583333333333326,0.3225,0.14433333333333334,0.027166666666666672,0.18
😝,0.379,-0.29,0.0,0.3985,0.356
💛,0.1245,0.26,-0.14,0.15899999999999997,0.134
🐐,-0.51,0.0,0.838,-0.99,-0.779
😚,0.719,-0.58,0.0,0.739,0.679
📖,-0.04,0.06,-0.075,0.064,0.003
🏈,0.728,0.83,0.0,0.0,0.519
😦,0.5006666666666666,-0.4766666666666666,-0.013333333333333334,0.289,0.418
🚋,0.8565,0.9039999999999999,0.0,0.374,0.712
🐹,0.719,-0.58,0.0,0.739,0.679
🚼,0.0215,0.0795,0.0,0.5945,0.232
👊🏿,0.04024999999999998,0.22249999999999998,-0.23725,-0.0325,-0.002
🚄,0.781,-0.72,0.0,0.587,0.696
⭐️,-0.2555,0.0415,0.2805,-0.162,-0.219
🛥,0.29000000000000004,-0.359,-0.04,0.4555,0.355
💂🏻,0.26875,0.267,-0.03725,0.01575,0.171
🤥,0.719,-0.58,0.0,0.739,0.679
👌🏿,0.276,0.057999999999999996,-0.21725,0.11825000000000001,0.078
🦁,0.3595,-0.7749999999999999,0.0,0.3695,0.501
💲,-0.26099999999999995,0.16366666666666668,-0.147,0.035333333333333335,-0.07
🚶🏻,0.48675,0.45325,-0.01475,-0.015,0.303
⭐,0.15533333333333332,-0.2823333333333334,0.18700000000000003,0.08633333333333332,0.112
✊🏿,0.04024999999999998,0.22249999999999998,-0.23725,-0.0325,-0.002
👮🏽,0.366,0.3736,0.004200000000000001,0.3212,0.352
✋🏻,0.47724999999999995,0.08474999999999999,-0.01475,0.11825000000000001,0.222
🏯,0.021,0.119,0.0,0.129,0.09
👷🏾,0.24275,0.2555,-0.005,0.04175,0.178
💝,0.1245,0.664,-0.095,0.4965,0.397
🌪,0.0,-0.01,-0.08,-0.13,-0.067
👈,0.319,-0.15866666666666665,0.2816666666666667,-0.11033333333333332,0.029
🚵🏼,0.53575,0.47724999999999995,-0.01225,0.031,0.344
🤖,0.3595,0.0685,0.0,0.752,0.393
📵,0.11,0.073,0.0,0.205,0.129
🚠,0.281,0.203,-0.07,0.184,0.199
💨,-0.067,-0.285,0.0,-0.024499999999999966,0.064
🍪,0.035,-0.09,0.0,0.0,0.042
😠,0.3595,-0.29,0.4345,0.3695,0.195
🆑,0.743,0.929,0.0,0.0,0.557
👳🏼,0.2124,0.36239999999999994,0.1776,-0.0936,0.101
💪🏽,0.426,0.22624999999999998,0.00525,0.25325,0.3
🕔,0.0,0.0,0.063,-0.03,-0.031
🛀,0.11433333333333334,0.27799999999999997,0.2333333333333333,-0.27666666666666667,-0.039
🐿,0.026,0.082,-0.04,0.068,0.045
👎🏻,0.07149999999999998,0.2925,-0.11975,-0.015,0.076
👝,0.0,-0.025,0.0,0.057499999999999996,0.027
🍃,0.606,-0.20966666666666667,0.0,0.066,0.294
🌽,0.5613333333333334,0.018,0.010333333333333333,0.3443333333333333,0.304
🈺,0.2625,0.3735,0.0022500000000000003,0.15675,0.264
⛅,-0.5913333333333334,0.0,-0.09066666666666667,-0.25166666666666665,-0.311
🍫,0.45849999999999996,-0.41,0.0,0.0,0.29
☠,0.0,0.075,0.0,0.046,0.04
🚆,0.781,-0.72,0.0,0.587,0.696
🚚,0.8425,-0.875,0.0,0.4595,0.726
👉,0.345,0.3433333333333333,0.2816666666666667,0.012333333333333344,0.14
🤕,0.719,-0.58,0.0,0.739,0.679
👩‍👩‍👦‍👦,0.48279999999999995,0.06380000000000004,-0.13,0.3928,0.27
👍,0.877,0.902,0.0,0.0,0.593
🏚,0.059,0.386,0.34,-0.295,-0.063
🥘,0.43975,0.4165,-0.0175,0.01675,0.285
🐈,0.028,0.0,0.013,0.061,0.025
🏔,0.281,0.203,-0.07,0.184,0.199
👧🏿,0.0635,0.188,-0.21725,-0.015,0.006
👲🏿,0.08,0.1972,-0.18380000000000002,0.0066,0.033
🙅🏽,0.47525,0.44725,0.00525,0.0315,0.316
🕖,0.0,0.0,0.063,-0.03,-0.031
❓,-0.01,0.4875,-0.035,0.4725,0.305
🏕,0.0,0.156,-0.06,0.198,0.098
👘,0.0,-0.04,0.074,-0.05,-0.028
🙇🏾,0.63525,0.1915,0.00525,0.15025,0.324
🉐,0.3565,0.6175,-0.035,0.1205,0.353
📫,0.056499999999999995,0.034,-0.025,0.0595,0.042
🏑,0.7,-0.79,0.0,0.873,0.788
🐚,0.1575,0.032,0.0285,0.172,0.111
🔦,0.0,-0.03,0.043,-0.11,-0.041
🕳,0.788,-0.6,0.0,0.884,0.757
👏🏿,0.26949999999999996,0.012999999999999984,-0.21725,0.20450000000000002,0.09
😽,0.3735,-0.29,0.0065,0.4,0.352
👨‍👩‍👧‍👧,0.1396,0.1548,-0.082,0.0814,0.098
😾,0.3735,-0.29,0.0065,0.4,0.352
🙋🏽,0.607,0.0715,0.0035,0.2323333333333333,0.302
👆🏽,0.32183333333333336,0.32016666666666665,0.14433333333333334,-0.123,0.125
🗡,-0.73,0.0,0.0,-0.94,-0.557
🀄️,-0.07,0.101,0.0,0.105,0.045
👸🏾,0.6086666666666667,0.27399999999999997,0.007,0.3073333333333333,0.394
⛈,-0.63,0.0,0.233,-0.6166666666666666,-0.493
🦆,-0.5,0.0,0.764,-0.61,-0.625
👗,-0.53,0.0,0.569,-0.77,-0.623
📐,0.041499999999999995,-0.02,0.03,0.079,0.037
👧🏾,0.32466666666666666,0.25066666666666665,0.007,-0.02,0.183
👮🏿,0.2142,0.357,-0.1738,0.284,0.227
🕰,0.0,0.0,0.95,-0.86,-0.603
🎖,0.8280000000000001,0.762,0.0,0.3585,0.65
🏄🏾,0.6206666666666667,0.5686666666666667,0.007,-0.02,0.387
🗣,-0.11850000000000005,-0.295,0.261,-0.10899999999999999,-0.065
👼🏻,0.4032,0.1858,-0.0118,0.3722,0.316
🔸,0.27099999999999996,0.27266666666666667,-0.04,-0.035333333333333335,0.156
🃏,-0.86,0.0,-0.86,0.0,-0.573
🖊,0.0,0.096,0.0,0.075,0.057
🛂,0.041,0.1935,-0.1,0.194,0.11
🌶,-0.455,0.0,-0.905,-0.385,-0.582
👂🏼,0.5753333333333334,-0.056000000000000015,0.007,0.307,0.31
🥒,0.0,0.0,0.053,-0.03,-0.028
🤾,0.49,0.422,0.007,0.0,0.302
📯,0.063,0.089,0.036,0.146,0.087
😢,0.719,-0.58,0.0,0.739,0.679
🔇,0.034,-0.02,0.0,0.057,0.037
💾,0.398,0.4335,0.353,-0.49,-0.004
👁‍🗨,-0.275,0.0,0.4345,-0.35,-0.353
😯,0.719,-0.58,0.0,0.739,0.679
👵🏼,0.20825,0.36675,-0.25475000000000003,0.05875,0.126
🥃,0.0,0.069,0.025,0.074,0.039
💅🏽,0.196,0.1966,0.009600000000000001,0.0844,0.156
🚊,0.991,0.943,0.0,0.0,0.645
🤑,0.719,-0.58,0.0,0.739,0.679
💹,-0.04766666666666667,0.2996666666666667,-0.25,0.041666666666666664,0.015
👑,-0.62,0.0,0.961,-0.54,-0.707
⏱,0.808,0.988,0.0,0.0,0.599
☢,-0.02,0.0,0.047,-0.11,-0.059
📡,0.4505,0.533,0.0,0.0415,0.342
📏,0.437,0.0,0.0155,0.0445,0.155
🆒,0.743,0.929,0.0,0.0,0.557
🙅🏿,0.2855,0.4265,-0.21725,-0.015,0.16
👴🏿,-0.1038,0.1644,-0.3338,-0.026000000000000002,-0.1
🗾,0.493,0.5295,0.0065,0.0,0.339
💋,0.4765,0.47950000000000004,-0.035,0.0615,0.327
👡,-0.05,0.068,0.0,0.102,0.04
👍🏻,0.47575,0.45775,-0.01475,-0.015,0.301
🈯,0.3715,0.5055000000000001,0.0,0.0,0.292
👏🏾,0.5993333333333334,0.01733333333333331,0.007,0.27266666666666667,0.294
🐴,0.3595,-0.29,0.0,0.40499999999999997,0.352
💇🏼,0.443,0.4265,0.00525,-0.015,0.283
🙋🏻,0.6146666666666666,0.0755,-0.009833333333333333,0.20133333333333334,0.294
💼,0.0,0.084,0.0,0.0,0.028
🙄,0.81,-0.725,0.0,0.3695,0.635
👥,0.082,0.191,0.0,0.198,0.157
👷🏿,0.0502,0.2044,-0.182,0.0334,0.035
🥀,0.027,0.093,0.025,0.071,0.055
💓,0.249,0.33,-0.19,0.143,0.177
🛳,-0.010499999999999995,0.131,-0.04,0.111,0.064
⁉️,0.0,0.489,-0.06,0.5905,0.34
🔛,0.059,0.0,0.0,0.049,0.036
🖋,0.0,0.5225,0.0,0.472,0.331
👌🏾,0.608,0.07733333333333332,0.007,0.15766666666666668,0.279
📮,0.0,0.0,0.0,0.101,0.034
👨,0.0,0.0,0.0,-0.07,-0.023
😑,0.3595,-0.29,0.492,-0.025500000000000023,0.044
📕,-0.04,0.0,-0.11,0.0,-0.05
📂,-0.0006666666666666673,0.06566666666666666,-0.01,0.085,0.047
👮,0.425,0.4815,0.0,0.74,0.549
😧,0.3595,-0.29,0.398,-0.015500000000000014,0.079
🗺,0.46249999999999997,0.39349999999999996,0.0065,0.452,0.434
👵🏿,0.0226,0.2934,-0.38180000000000003,0.047,-0.006
🖖🏿,0.23725,0.40249999999999997,-0.21725,-0.015,0.136
👊,-0.06,0.068,-0.08,-0.07,-0.047
🆓,0.743,0.929,0.0,0.0,0.557
🐋,0.0,0.0,-0.07,0.0,-0.023
🖥,0.4705,0.4275,0.0,0.035,0.311
♥️,0.249,0.33,-0.19,0.143,0.177
👷,0.015,0.1,-0.0205,0.1135,0.069
🉑,0.842,0.4645,0.0,0.382,0.563
✋🏽,0.46575,0.07874999999999999,0.00525,0.16475,0.235
🐓,0.034,0.088,-0.08,0.14,0.061
☮,0.27,0.306,-0.115,0.2195,0.227
👈🏿,0.19633333333333333,0.057666666666666665,-0.004000000000000006,-0.06516666666666666,0.062
🐃,-0.18,-0.07,0.0,-0.2,-0.103
📪,0.056499999999999995,0.034,-0.025,0.0595,0.042
🐶,0.7344999999999999,-0.73,0.0,0.864,0.776
🚵🏽,0.4364,0.3984,-0.0098,0.062,0.296
🤧,0.719,-0.58,0.0,0.739,0.679
🛏,0.0,0.171,-0.05,0.102,0.074
🔚,0.059,0.0,0.0,0.049,0.036
◼️,-0.28049999999999997,0.0415,0.4475,-0.17700000000000002,-0.288
🔊,0.01966666666666667,0.07833333333333334,0.006666666666666665,0.135,0.075
🚗,-0.04,-0.16,0.0,0.056,0.059
🕚,0.0,0.0,0.063,-0.03,-0.031
⛅️,-0.422,0.0,-0.39,0.0425,-0.256
🏊🏽,0.3802,0.3578,-0.0058000000000000005,0.011199999999999998,0.248
📭,0.024333333333333332,0.06266666666666666,-0.03,0.08233333333333333,0.046
㊙️,0.0,0.835,0.0,0.922,0.586
🔆,0.788,0.962,0.0,0.0,0.583
⚛,0.034499999999999996,0.114,0.0,0.125,0.091
🔐,0.943,-0.78,0.0,0.571,0.765
☂,0.106,0.162,0.037,0.32,0.184
📌,0.0,0.0,-0.88,-0.88,-0.587
⛳,0.3076666666666667,-0.11366666666666665,-0.016666666666666666,0.38066666666666665,0.262
📀,0.0,0.0,0.0,0.07,0.023
🙍🏽,0.47525,0.44725,0.00525,0.0315,0.316
👼🏿,0.24219999999999997,0.1644,-0.1738,0.3722,0.202
✝,0.037,0.184,0.0,0.211,0.144
👨‍❤️‍👨,0.093,0.1005,-0.065,0.03874999999999999,0.056
👋🏼,0.608,0.07733333333333332,0.007,0.15766666666666668,0.279
🛀🏽,0.2205,0.28983333333333333,0.12016666666666666,-0.11733333333333333,0.091
🙃,0.719,-0.58,0.0,0.739,0.679
😇,0.7869999999999999,0.138,0.0,0.3695,0.432
⚫,-0.3,0.4715,0.4475,-0.27,-0.182
📓,-0.02,0.094,0.0,0.097,0.057
🍽,0.3833333333333333,0.083,0.29533333333333334,-0.24,-0.023
📬,0.024333333333333332,0.06266666666666666,-0.03,0.08233333333333333,0.046
🔠,0.0245,0.4095,0.0535,0.501,0.294
🈂️,0.48850000000000005,-0.2605,-0.1,0.51,0.386
📴,-0.20166666666666666,0.021,0.27066666666666667,-0.13666666666666666,-0.196
📺,0.0,0.117,-0.07,0.094,0.047
📢,0.903,0.835,0.0,0.0,0.579
🎟,0.0,0.175,-0.13,0.204,0.083
🔝,0.059,0.0,0.0,0.049,0.036
🈹,0.8465,0.933,0.0,0.0,0.593
👼,0.495,0.0,0.0,0.9604999999999999,0.485
🔁,0.3215,0.5855,-0.065,0.098,0.313
🍜,-0.51,0.0,0.562,-0.69,-0.587
⚡️,0.0,0.14,-0.04,0.165,0.088
👍🏼,0.606,0.5746666666666667,0.007,-0.02,0.385
💑,0.186,0.201,-0.13,0.1475,0.135
🙎🏽,0.47525,0.44725,0.00525,0.0315,0.316
👠,-0.05,0.068,0.0,0.102,0.04
🔗,0.023,0.173,-0.09,0.182,0.096
👷🏽,0.202,0.221,-0.004,0.07060000000000001,0.163
📶,0.16,0.067,0.0,0.083,0.103
💎,0.6200000000000001,-0.565,0.0,0.7005,0.628
🔕,-0.023,-0.005,0.02,-0.006500000000000006,-0.015
📋,0.0,0.0,0.98,-0.78,-0.587
🤹,0.921,0.884,0.0,0.0,0.602
🚴🏼,0.6206666666666667,0.5686666666666667,0.007,-0.02,0.387
🕗,0.0,0.0,0.063,-0.03,-0.031
🏊🏿,0.2284,0.3412,-0.18380000000000002,-0.026000000000000002,0.12
🔯,0.977,-0.93,0.0,0.583,0.83
🦈,-0.54,0.0,0.983,-0.91,-0.811
👱,0.4605,0.442,0.473,-0.365,0.022
‼️,0.4815,-0.34099999999999997,-0.06,0.653,0.472
🔷,-0.13233333333333333,0.05533333333333334,-0.067,0.09200000000000001,-0.017
🕑,0.0,0.0,0.063,-0.03,-0.031
🙍🏾,0.6206666666666667,0.5686666666666667,0.007,-0.02,0.387
🎅🏿,0.07366666666666666,0.27399999999999997,-0.2896666666666667,-0.02,0.013
🈴,0.23666666666666666,-0.006999999999999969,0.2783333333333333,0.07766666666666666,0.014
🐠,-0.435,0.092,-0.44,0.086,-0.232
👨‍👨‍👦,0.14375,-0.08775,-0.0425,0.15949999999999998,0.116
🈶,0.637,0.7697499999999999,-0.05,0.267,0.541
✋🏾,0.608,0.07733333333333332,0.007,0.15766666666666668,0.279
◀️,0.806,-0.66,0.0,0.648,0.705
👧🏻,0.26475,0.21475,-0.01475,-0.015,0.15
🏃🏾,0.4655,0.4265,0.00525,0.0345,0.307
🤚,0.8786666666666667,-0.10366666666666664,0.0,0.4816666666666667,0.488
◽️,-0.55,0.0,0.561,-0.51,-0.54
👰🏻,0.256,0.1678,-0.036000000000000004,0.0194,0.136
🏃🏼,0.4655,0.4265,0.00525,0.0345,0.307
🙁,0.3595,-0.29,-0.385,-0.1255,0.046
👴🏻,0.05719999999999999,0.1858,-0.1718,-0.026000000000000002,0.015
🖖🏻,0.4385,0.42925,-0.01475,-0.015,0.279
💌,0.519,-0.015,0.0,0.3695,0.301
🎅🏾,0.4705,0.411,0.0105,-0.03,0.28
👩‍👩‍👦,0.45975,0.23475000000000004,-0.1625,0.34199999999999997,0.291
👇🏿,-0.0741666666666667,0.19616666666666668,-0.074,-0.154,-0.035
💄,0.0,0.788,0.0,0.753,0.514
🏇🏾,0.31366666666666665,0.27399999999999997,0.007,0.0036666666666666653,0.195
💦,0.949,0.727,0.0,0.0,0.559
☔️,-0.427,0.081,0.149,-0.31499999999999995,-0.27
🤤,0.719,-0.58,0.0,0.739,0.679
🐯,0.3595,-0.7749999999999999,0.0,0.3695,0.501
👸🏻,0.47775,0.23224999999999998,-0.01475,0.23049999999999998,0.309
🚵🏻,0.44559999999999994,0.4032,-0.025800000000000007,0.0248,0.283
🚶🏽,0.47525,0.44725,0.00525,0.0315,0.316
👎🏽,0.06,0.2865,-0.09974999999999999,0.0315,0.093
📑,0.762,0.746,0.0,0.0,0.503
⛽️,0.0,0.0,0.0,0.882,0.294
👍🏽,0.46425,0.45175,0.00525,0.0315,0.314
🏊🏼,0.4655,0.4265,-0.00725,-0.0325,0.284
⛳️,0.0675,0.1295,-0.025,0.129,0.1
📠,0.079,0.065,-0.03,0.1125,0.076
🔂,0.20766666666666667,0.4246666666666667,-0.02033333333333333,0.11566666666666665,0.243
🛀🏿,0.09400000000000001,0.27599999999999997,-0.028166666666666677,-0.14833333333333332,0.064
🧀,0.022,-0.33,0.0305,0.16549999999999998,0.162
🗯,0.13699999999999998,0.30533333333333335,0.5096666666666666,0.023666666666666687,-0.015
🚴🏿,0.2855,0.4265,-0.21725,-0.015,0.16
🍈,-0.94,0.0,0.728,0.0,-0.556
⤴️,0.51,0.458,0.0,0.47500000000000003,0.481
😆,0.719,-0.58,0.0,0.739,0.679
🆘,0.743,0.929,0.0,0.0,0.557
💺,0.033,-0.03,0.0,0.0,0.021
☹,0.719,-0.58,0.0,0.739,0.679
💪🏻,0.4375,0.23224999999999998,-0.01475,0.20675,0.287
👴🏾,0.05024999999999999,0.2055,-0.19475,-0.0325,0.009
👇🏻,0.05999999999999998,0.21399999999999997,0.061,-0.154,0.02
💃🏿,0.2874,0.1374,-0.2218,0.15619999999999998,0.12
📄,0.8945000000000001,0.8255,0.0,0.0,0.573
👶,0.0,0.0,0.0,0.939,0.313
💅🏾,0.23525,0.22499999999999998,0.012,0.05900000000000001,0.169
⬜️,-0.259,0.0425,0.30500000000000005,-0.14400000000000002,-0.222
🍾,-0.381,-0.45,0.3715,-0.485,-0.262
🔖,0.762,0.746,0.0,0.0,0.503
🔱,0.0,0.077,0.0,0.091,0.056
📷,0.0,-0.02,0.048,-0.05,-0.026
❣,-0.19033333333333333,0.23800000000000002,-0.25666666666666665,0.15066666666666664,-0.019
👵,-0.05399999999999999,0.3225,-0.52,0.1475,-0.035
❕,-0.19000000000000003,0.10433333333333333,0.12366666666666669,-0.009333333333333341,-0.073
🦊,0.02949999999999997,-0.29,0.496,0.009500000000000008,-0.056
▫️,-0.30000000000000004,0.0,0.22050000000000003,-0.335,-0.285
🕶,0.0,0.0,0.919,-0.78,-0.566
👏🏼,0.5993333333333334,0.01733333333333331,0.007,0.27266666666666667,0.294
🐊,-0.85,0.0,0.685,-0.83,-0.788
🛬,0.447,0.4895,-0.035,0.1315,0.344
🔤,0.0,0.706,0.0,0.84,0.515
🏹,0.498,0.4235,0.0,0.0245,0.315
🌮,0.132,0.1,0.063,0.159,0.109
🔽,0.743,0.929,0.0,0.0,0.557
➿,0.6246666666666667,-0.004666666666666634,0.0,0.37166666666666665,0.334
㊗️,0.561,-0.79,0.0,0.89,0.747
🗳,-0.02,0.15466666666666665,-0.08,0.16766666666666666,0.074
🏇🏻,0.2565,0.23224999999999998,-0.01475,0.002749999999999999,0.159
👩🏼,0.5243333333333333,0.48900000000000005,-0.073,0.07833333333333332,0.34
🤔,0.6975,-0.615,0.0,0.8160000000000001,0.709
💃🏻,0.4484,0.1588,-0.0598,0.15619999999999998,0.235
🛰,0.741,0.999,0.0,0.0,0.58
👂🏾,0.5753333333333334,-0.056000000000000015,0.007,0.307,0.31
👷🏼,0.24275,0.2555,-0.005,0.04175,0.178
🛀🏾,0.25680000000000003,0.3312,0.1442,-0.178,0.089
⚾,0.0,0.0,0.0,-0.1,-0.033
🚑,0.0,0.0,-0.13,-0.14,-0.09
🥗,0.006500000000000001,0.019,0.021,0.033,0.013
🕒,0.0,0.0,0.063,-0.03,-0.031
🚴🏽,0.47525,0.44725,0.00525,0.0315,0.316
🛠,-0.43,-0.01,0.2295,-0.495,-0.381
👌🏽,0.46575,0.07874999999999999,0.00525,0.16475,0.235
👦,0.575,-0.62,0.0,0.596,0.597
🥓,0.648,-0.53,0.0,0.94,0.706
👸🏽,0.46625,0.22624999999999998,0.00525,0.27699999999999997,0.321
🏙,0.838,0.828,0.0,0.0,0.555
👲🏻,0.24100000000000002,0.2186,-0.0218,0.0066,0.148
🚣🏻,0.3714,0.40099999999999997,-0.027800000000000002,0.0092,0.251
➰,0.4555,0.41300000000000003,0.0,0.084,0.318
👐🏻,0.2465,0.26225,-0.024749999999999998,0.017,0.167
◻️,-0.2555,0.0415,0.2805,-0.162,-0.219
🍅,0.968,-0.83,0.0,0.0,0.599
🦂,0.0,0.0,-0.87,0.0,-0.29
⏩,0.743,0.929,0.0,0.0,0.557
👉🏿,0.2093333333333333,0.30866666666666664,-0.004000000000000006,-0.0038333333333333275,0.17
🖍,0.031,0.103,0.0,0.06,0.065
👰🏾,0.29874999999999996,0.183,-0.025,0.02425,0.16
💖,0.249,0.33,-0.19,0.143,0.177
🅾️,0.743,0.929,0.0,0.0,0.557
🦉,0.0,0.105,0.0,0.0,0.035
📘,-0.245,0.0405,-0.18,0.0,-0.128
💆🏻,0.5618,0.5498000000000001,-0.0118,-0.012,0.363
📊,0.46149999999999997,-0.3245,0.0,0.0625,0.283
✋🏼,0.608,0.07733333333333332,0.007,0.15766666666666668,0.279
⛩,0.025,0.251,0.013,0.165,0.143
🌤,-0.456,0.0,-0.098,-0.22874999999999998,-0.261
🚲,0.701,0.939,0.0,0.718,0.786
🏌,0.921,0.884,0.0,0.0,0.602
👩‍👩‍👧‍👧,0.26599999999999996,0.2838,-0.13,0.1544,0.191
✒️,-0.6,0.0,0.895,-0.54,-0.678
🔹,-0.15966666666666665,0.027,-0.12333333333333334,-0.035333333333333335,-0.097
🏡,0.434,0.4285,0.0,0.073,0.312
👇🏼,0.05499999999999998,0.2354,0.0892,-0.1848,0.005
🗓,0.056,-0.005,0.06,0.0645,0.022
💃🏾,0.53925,0.17174999999999999,-0.05475,0.19524999999999998,0.284
◽,0.15099999999999997,0.4715,0.2805,-0.255,0.029
🏇🏼,0.31366666666666665,0.27399999999999997,0.007,0.0036666666666666653,0.195
👳🏿,0.056999999999999995,0.302,-0.0003333333333333365,-0.078,0.094
👌🏻,0.47724999999999995,0.08474999999999999,-0.01475,0.11825000000000001,0.222
🏇🏿,0.055249999999999994,0.2055,-0.21725,0.002749999999999999,0.015
🛑,-0.4765,0.0365,0.4465,-0.301,-0.396
👜,0.0,0.0,0.045,-0.08,-0.042
⬛️,-0.284,0.0425,0.47200000000000003,-0.15900000000000003,-0.291
🏤,0.3735,0.487,0.0,0.0,0.287
🔭,0.0,0.087,-0.07,0.1,0.039
😣,0.8085,-0.29,0.0,0.821,0.64
🏃🏻,0.3894,0.3626,-0.0118,0.027600000000000003,0.256
🤴,0.051,0.097,0.0,0.065,0.071
🙋🏼,0.7205999999999999,0.0692,0.004200000000000001,0.24159999999999998,0.342
⌛,0.1,0.085,0.0,0.093,0.093
⬇️,-0.74,0.241,-0.42,0.0,-0.306
👐🏼,0.3003333333333333,0.314,-0.006333333333333333,0.02266666666666667,0.21
📞,0.407,0.3685,0.0,0.084,0.286
➕,-0.26099999999999995,0.19066666666666665,-0.17,0.14533333333333334,-0.032
👩‍❤️‍💋‍👩,0.7456666666666667,0.6980000000000001,-0.16,0.19666666666666666,0.493
📜,0.022,0.0,0.0,0.077,0.033
👃🏿,0.0695,0.23324999999999999,-0.21725,0.020749999999999998,0.035
💁🏼,0.68625,0.279,0.00525,0.11825000000000001,0.359
💁🏽,0.5568,0.2398,0.004200000000000001,0.1318,0.308
🙆🏼,0.6206666666666667,0.5686666666666667,0.007,-0.02,0.387
🕙,0.0,0.0,0.063,-0.03,-0.031
🙍🏼,0.6206666666666667,0.5686666666666667,0.007,-0.02,0.387
👵🏻,0.18359999999999999,0.31479999999999997,-0.21980000000000005,0.047,0.109
🈷️,-0.04,0.24,-0.0295,0.1495,0.107
👶🏻,0.2565,0.23224999999999998,-0.01475,0.21975,0.231
👲🏼,0.27999999999999997,0.2465,-0.00725,0.00825,0.176
⏹,-0.1235,0.4645,0.4465,-0.35,-0.152
🎗,-0.01,0.547,0.0,0.482,0.34
⛹,0.8540000000000001,0.3313333333333333,0.0,0.237,0.474
🔴,-0.035,0.522,0.0,0.0525,0.18
🌨,-0.04400000000000004,0.4895,0.254,-0.42,-0.076
📗,-0.03,0.039,-0.034,0.033,0.003
💇🏻,0.3714,0.3626,-0.0118,-0.012,0.237
⚱,-0.405,0.041,-0.435,-0.06,-0.286
🚴🏾,0.6206666666666667,0.5686666666666667,0.007,-0.02,0.387
👩‍👩‍👧,0.32425,0.37225,-0.1625,0.193,0.242
🕐,-0.61,0.0,0.856,-0.82,-0.762
🎅🏼,0.4705,0.411,0.0105,-0.03,0.28
🗒,0.07,-0.02,0.0575,0.0345,0.022
👱🏻,0.3894,0.3626,0.1774,-0.158,0.139
👨‍👨‍👧‍👧,0.0132,0.0258,-0.034,0.008399999999999996,0.004
📔,0.021333333333333333,0.03133333333333333,0.0,0.13366666666666668,0.062
🙅🏾,0.6206666666666667,0.5686666666666667,0.007,-0.02,0.387
♿,0.0014999999999999979,0.0795,-0.04,0.09,0.044
☪,0.5335,-0.465,0.0,0.33849999999999997,0.446
🛀🏼,0.25680000000000003,0.3312,0.1442,-0.178,0.089
👆🏻,0.32949999999999996,0.32416666666666666,0.131,-0.154,0.123
🏢,0.013,0.1005,0.0,0.0475,0.054
📈,0.4235,0.4495,0.0,0.0625,0.312
🤓,-0.09550000000000003,-0.29,-0.36,-0.1255,-0.097
☑️,-0.015,0.111,-0.06,0.1385,0.058
🥂,0.214,0.258,-0.09,0.2,0.194
🚇,0.87,0.778,0.0,0.0,0.549
🙌🏻,0.471,0.03974999999999998,-0.01475,0.16875,0.222
🏝,-0.42,0.056,0.3885,-0.3815,-0.378
🐂,-0.99,0.0,0.827,-0.54,-0.786
⚽️,0.784,0.912,0.0,0.0,0.565
🏄🏽,0.47525,0.44725,0.00525,0.0315,0.316
🗞,-0.05,0.106,0.0,0.06,0.039
👂🏿,0.2515,-0.04200000000000001,-0.21725,0.23025,0.102
🦄,0.3595,0.1985,0.0,0.7435,0.434
👦🏻,0.40025,0.07724999999999999,-0.01475,0.134,0.199
👨‍👨‍👧‍👦,0.1216,-0.0842,-0.034,0.1276,0.1
⬛,0.09466666666666668,0.3426666666666667,0.3146666666666667,-0.10600000000000002,0.006
🔀,0.3565,0.5195000000000001,0.0,0.064,0.313
🙆🏾,0.6206666666666667,0.5686666666666667,0.007,-0.02,0.387
🈸,0.3715,0.4645,0.0,0.0375,0.291
◾️,-0.6,0.0,0.895,-0.54,-0.678
👧,0.033,-0.07,0.0,0.0,0.034
👐🏽,0.235,0.25625,-0.00475,0.0635,0.183
🚶🏼,0.6206666666666667,0.5686666666666667,0.007,-0.02,0.387
™️,-0.04,0.278,-0.08,0.202,0.12
🆕,0.743,0.929,0.0,0.0,0.557
🔧,-0.83,0.0,0.509,-0.84,-0.726
🗼,0.024,0.157,0.018,0.145,0.103
🕛,0.0,0.0,0.063,-0.03,-0.031
🙌🏼,0.5996666666666667,0.01733333333333331,0.007,0.225,0.278
💇🏿,0.2104,0.3412,-0.1738,-0.012,0.122
👋🏾,0.608,0.07733333333333332,0.007,0.15766666666666668,0.279
🔞,-0.305,0.0,0.4595,-0.425,-0.396
🏸,0.059,-0.04,0.014,0.0,0.028
🈳,-0.0685,0.4645,-0.46,0.0,-0.021
👵🏾,0.20825,0.36675,-0.25475000000000003,0.05875,0.126
💁🏿,0.40499999999999997,0.2232,-0.1738,0.0946,0.183
🕌,0.0,0.224,0.0,0.197,0.14
🕕,0.0,0.0,0.063,-0.03,-0.031
✍,-0.05349999999999999,-0.295,0.482,-0.21349999999999997,-0.151
🔵,-0.225,0.512,-0.125,0.0,0.054
📁,0.019,0.0385,0.005,0.0635,0.039
👼🏾,0.48275,0.2055,0.00525,0.46524999999999994,0.383
⤵️,0.51,0.458,0.0,0.47500000000000003,0.481
👲🏾,0.27999999999999997,0.2465,-0.00725,0.00825,0.176
👊🏻,0.2415,0.24924999999999997,-0.03475,-0.0325,0.141
🕊,-0.03,-0.02,0.027,-0.1,-0.046
💃🏼,0.53925,0.17174999999999999,-0.05475,0.19524999999999998,0.284
👋🏿,0.276,0.057999999999999996,-0.21725,0.11825000000000001,0.078
📥,0.9359999999999999,0.08100000000000002,0.0,0.0,0.339
〰️,-0.96,0.0,-0.7,0.0,-0.553
🐁,-0.55,0.0,0.955,-0.96,-0.822
🖖🏾,0.5563333333333333,0.5366666666666666,0.007,-0.02,0.355
🎚,0.3815,0.4605,0.374,-0.395,0.024
❔,-0.19000000000000003,0.325,0.16366666666666668,0.145,0.039
👨‍👩‍👧,0.16625,0.21100000000000002,-0.10250000000000001,0.10175,0.126
🚴🏻,0.48675,0.45325,-0.01475,-0.015,0.303
🛢,0.0,0.0,0.0,0.882,0.294
👱🏽,0.3802,0.3578,0.1934,-0.12080000000000002,0.141
👐🏿,0.045249999999999985,0.2355,-0.22725,0.017,0.023
👋🏻,0.47724999999999995,0.08474999999999999,-0.01475,0.11825000000000001,0.222
⚒,-0.015,0.12000000000000001,-0.09,0.043,0.019
📉,-0.443,0.0455,0.481,-0.4125,-0.43
💂🏽,0.25725,0.261,-0.017249999999999998,0.06225,0.188
🐘,0.968,0.943,0.0,0.0,0.637
⏏,0.016500000000000015,0.4645,0.477,-0.28,-0.092
👨🏾,0.31366666666666665,0.27399999999999997,0.007,-0.043333333333333335,0.179
🙌🏾,0.5996666666666667,0.01733333333333331,0.007,0.225,0.278
👎🏿,-0.12975,0.26575,-0.32225000000000004,-0.015,-0.067
🎞,0.837,0.0,0.0,0.0,0.279
🦋,0.0,0.0,-0.8,-0.82,-0.54
💪🏾,0.555,0.27399999999999997,0.007,0.27566666666666667,0.366
🇮🇲,0.899,0.979,0.0,0.0,0.626
👨‍👨‍👦‍👦,0.22999999999999998,-0.19419999999999998,-0.034,0.2468,0.212
👨🏽,0.245,0.22624999999999998,0.00525,0.013999999999999999,0.16
👧🏽,0.25325,0.20875,0.00525,0.0315,0.163
👮🏼,0.44775,0.44625,0.00525,0.355,0.415
👳🏻,0.19116666666666668,0.31983333333333336,0.13466666666666668,-0.078,0.099
👶🏾,0.31366666666666665,0.27399999999999997,0.007,0.293,0.291
💂🏾,0.33,0.3203333333333333,-0.022999999999999996,0.021,0.216
👌🏼,0.608,0.07733333333333332,0.007,0.15766666666666668,0.279
👧🏼,0.32466666666666666,0.25066666666666665,0.007,-0.02,0.183
🎙,-0.02,0.0,-0.04,-0.03,-0.03
✖️,-0.41,0.505,-0.23,0.39899999999999997,0.088
🏊🏾,0.4655,0.4265,-0.00725,-0.0325,0.284
🛴,0.0235,-0.025,0.376,-0.42,-0.249
🐦,-0.54,0.0,0.811,-0.51,-0.62
👶🏿,0.055249999999999994,0.2055,-0.21725,0.21975,0.088
🙏🏻,0.342,0.30966666666666665,-0.019666666666666666,-0.02,0.204
👼🏽,0.39399999999999996,0.181,0.004200000000000001,0.40939999999999993,0.327
🌧,-0.9450000000000001,0.0,0.3845,-0.895,-0.741
⌛️,0.1,0.085,0.0,0.093,0.093
💅🏿,0.044199999999999996,0.18,-0.1684,0.047200000000000006,0.034
⌨,0.893,0.979,0.0,0.0,0.624
👏🏻,0.47075,0.03974999999999998,-0.01475,0.20450000000000002,0.233
⏺,0.3615,0.4645,0.0355,0.0,0.264
🏛,0.068,0.004499999999999997,0.0155,0.0475,0.035
🤛,-0.06,0.068,-0.08,-0.07,-0.047
🛩,0.39399999999999996,0.428,-0.06,-0.08,0.227
👊🏾,0.2936666666666667,0.29666666666666663,-0.019666666666666666,-0.043333333333333335,0.176
⭕️,-0.39399999999999996,0.1555,-0.20550000000000002,0.086,-0.119
👉🏻,0.34349999999999997,0.3265,0.131,-0.0038333333333333275,0.178
🙇🏿,0.3642,0.1532,-0.1738,0.1202,0.155
💇🏾,0.443,0.4265,0.00525,-0.015,0.283
◾,0.126,0.4715,0.4475,-0.27,-0.04
📽,0.40349999999999997,0.0665,-0.035,0.107,0.181
🥑,0.859,0.917,0.0,0.0,0.592
👃🏾,0.33266666666666667,0.311,0.007,0.027666666666666662,0.221
⛑,-0.295,0.0,0.4435,0.10100000000000003,-0.212
🕘,0.0,0.0,0.063,-0.03,-0.031
🙏🏽,0.32666666666666666,0.30166666666666664,0.007,0.042,0.221
⛴,-0.02,-0.01,0.045,-0.05,-0.035
💆🏿,0.4008,0.5284,-0.1738,-0.012,0.248
✊🏻,0.2415,0.24924999999999997,-0.03475,-0.0325,0.141
👮🏾,0.44775,0.44625,0.00525,0.355,0.415
👂🏽,0.44125000000000003,-0.02125000000000002,0.00525,0.27675,0.245
🔅,0.3215,0.4645,-0.025,0.0,0.254
🚵🏾,0.53575,0.47724999999999995,-0.01225,0.031,0.344
🗄,0.0,0.077,0.0,0.068,0.048
🙋🏾,0.7205999999999999,0.0692,0.004200000000000001,0.24159999999999998,0.342
👳🏽,0.1835,0.31583333333333335,0.148,-0.04700000000000001,0.101
🏗,0.0,0.11449999999999999,0.0045,0.13,0.08
👋🏽,0.46575,0.07874999999999999,0.00525,0.16475,0.235
🏄🏻,0.48675,0.45325,-0.01475,-0.015,0.303
💁🏻,0.5660000000000001,0.24459999999999998,-0.0118,0.0946,0.298
👏🏽,0.45925,0.033749999999999974,0.00525,0.251,0.246
🔘,0.40349999999999997,0.4345,0.027,0.0,0.27
👱🏼,0.4655,0.4265,0.24175,-0.1975,0.151
🌩,-0.465,0.0,0.219,-0.44999999999999996,-0.378
👶🏼,0.31366666666666665,0.27399999999999997,0.007,0.293,0.291
➡️,0.961,0.916,0.0,0.901,0.926
⛱,0.094,0.081,0.05499999999999999,0.244,0.121
🚣🏼,0.443,0.47450000000000003,-0.01475,0.0115,0.305
🏃🏽,0.3802,0.3578,0.004200000000000001,0.0648,0.266
🏴,-0.27349999999999997,0.034,0.4225,-0.24000000000000002,-0.301
🛎,0.0285,0.0425,0.005,0.0435,0.036
🅰️,0.743,0.929,0.0,0.0,0.557
🙎🏾,0.6206666666666667,0.5686666666666667,0.007,-0.02,0.387
👩🏻,0.4145,0.39349999999999996,-0.07475,0.05875,0.264
✊🏼,0.2936666666666667,0.29666666666666663,-0.019666666666666666,-0.043333333333333335,0.176
👩🏽,0.403,0.38749999999999996,-0.05475,0.10525,0.28
⛏,0.0,0.26,-0.13,0.236,0.122
👨🏻,0.2565,0.23224999999999998,-0.01475,-0.0325,0.147
🔃,0.746,0.889,0.0,0.0,0.545
💆🏽,0.5526,0.545,0.004200000000000001,0.0252,0.373
👆🏼,0.37839999999999996,0.36760000000000004,0.1732,-0.1848,0.129
💂🏿,0.0675,0.24025,-0.23975,0.01575,0.028
🛫,0.419,0.5045,-0.035,0.1225,0.337
🚵🏿,0.2846,0.3818,-0.1878,0.0248,0.168
🛡,0.988,0.705,0.0,0.0,0.564
👂🏻,0.45275,-0.015250000000000014,-0.01475,0.23025,0.228
🥖,0.901,0.0,0.0,0.916,0.606
👮🏻,0.3752,0.37839999999999996,-0.0118,0.284,0.342
⏪,0.5163333333333333,0.12533333333333332,0.0,0.2773333333333334,0.306
📙,0.40099999999999997,0.409,-0.055,0.0,0.252
🏭,0.05,0.184,0.0,0.13,0.121
👰🏿,0.095,0.1464,-0.198,0.0194,0.021
👦🏾,0.5053333333333333,0.06733333333333331,0.007,0.17866666666666667,0.248
👆🏾,0.37839999999999996,0.36760000000000004,0.1732,-0.1848,0.129
💇🏽,0.36219999999999997,0.3578,0.004200000000000001,0.0252,0.247
🛀🏻,0.22816666666666666,0.29383333333333334,0.10683333333333334,-0.14833333333333332,0.089
👲🏽,0.2318,0.2138,-0.0058000000000000005,0.043800000000000006,0.161
🙇🏼,0.63525,0.1915,0.00525,0.15025,0.324
🤙,0.4415,-0.295,0.0,0.337,0.358
🔲,0.33166666666666667,0.624,0.29833333333333334,-0.18000000000000002,0.159
⏳,0.1,0.085,0.0,0.093,0.093
👦🏼,0.5053333333333333,0.06733333333333331,0.007,0.17866666666666667,0.248
🙍🏻,0.48675,0.45325,-0.01475,-0.015,0.303
🐳,0.0,0.0,-0.07,0.0,-0.023
🙆🏽,0.47525,0.44725,0.00525,0.0315,0.316
👈🏽,0.3228333333333333,0.0715,0.14433333333333334,-0.03416666666666666,0.072
🏃🏿,0.2284,0.3412,-0.1738,0.027600000000000003,0.141
💪🏼,0.555,0.27399999999999997,0.007,0.27566666666666667,0.366
🗑,0.0,-0.03,0.054,-0.14,-0.055
👴🏽,0.048,0.181,-0.1558,0.011199999999999998,0.028
🤜,-0.06,0.068,-0.08,-0.07,-0.047
📸,-0.33,-0.01,0.332,-0.375,-0.342
🐬,0.024,0.102,-0.06,0.074,0.047
💆🏾,0.6809999999999999,0.6605,0.00525,-0.015,0.44
🏖,0.068,0.1395,0.0185,0.202,0.13
⬜,0.11133333333333333,0.3426666666666667,0.20333333333333337,-0.09600000000000002,0.052
👷🏻,0.2112,0.2258,-0.019999999999999997,0.0334,0.15
👸🏿,0.27649999999999997,0.2055,-0.21725,0.23049999999999998,0.165
🔶,0.29833333333333334,0.301,0.016333333333333335,0.09200000000000001,0.225
☸,0.32066666666666666,0.3293333333333333,0.014666666666666666,0.057999999999999996,0.231
↩️,0.51,0.458,0.0,0.47500000000000003,0.481
☦,0.035,0.231,0.0,0.243,0.17
👩‍👩‍👧‍👦,0.37439999999999996,0.1738,-0.13,0.27359999999999995,0.231
🙏🏿,0.07366666666666666,0.27399999999999997,-0.2896666666666667,-0.02,0.013
